Site #,count,sum,activity_rate
1.0,29,5,17.24137931034483
2.0,28,5,17.857142857142858
3.0,28,7,25.0
4.0,29,6,20.689655172413794
